{"cameraMode":{"drawMode":0,"name":"Shaded","section":"Shading Mode"},"sceneLighting":true,"audioPlay":false,"sceneViewState":{"m_AlwaysRefresh":false,"showFog":true,"showSkybox":true,"showFlares":true,"showImageEffects":true,"showParticleSystems":true,"showVisualEffectGraphs":true,"m_FxEnabled":true},"in2DMode":false,"pivot":{"x":-23.79715919494629,"y":-3.2629408836364748,"z":0.5756411552429199},"rotation":{"x":-0.08346328139305115,"y":0.6667658686637878,"z":-0.07553830742835999,"w":-0.7367186546325684},"size":27.352373123168947,"orthographic":false}